{"z4": 28.877601214889502, "z5": -0.5403783731117244, "z6": -0.9809912358799664, "z7": 0.14361402480969282, "z8": -0.055617366275535866, "z9": -0.12787079421820782, "z10": -0.2715429647325742, "z11": -0.5117387168159795, "z12": -0.03761218962719111, "z13": 0.005169921274004122, "z14": 0.00819948933050943, "z15": 0.02842660533323333, "z16": -0.021367177109641845, "z17": 0.0547658012340132, "z18": -0.011384327893982029, "z19": -0.0044092628320589414, "z20": -0.025746990820582696, "z21": 0.030861029420910617, "z22": 0.05147144405573556, "z23": 0.0, "z24": 0.0, "z25": 0.0, "z26": 0.0, "z27": 0.0, "z28": 0.0, "z29": 0.0, "z30": 0.0, "z31": 0.0, "z32": 0.0, "z33": 0.0, "z34": 0.0, "z35": 0.0, "z36": 0.0, "z37": 0.0, "z38": 0.0, "z39": 0.0, "z40": 0.0, "z41": 0.0, "z42": 0.0, "z43": 0.0, "z44": 0.0, "z45": 0.0, "z46": 0.0, "z47": 0.0, "z48": 0.0, "z49": 0.0, "z50": 0.0, "z51": 0.0, "z52": 0.0, "z53": 0.0, "z54": 0.0, "z55": 0.0, "z56": 0.0, "dx": 0.0, "dy": 0.0, "hscFrac": 0.6570403698173161, "strutFrac": 0.07, "dxFocal": -0.033662416370898306, "dyFocal": 0.04002791351759554, "slitFrac": 0.060412613586566646, "slitFrac_dy": 0.005935320115564806, "fiber_r": 1.8102624746571259, "radiometricEffect": 0, "trace_value": 0, "serial_trace_value": 0, "pixel_effect": 0.32549147995368066, "background": 0, "flux": 1.0, "x_ilum": 1, "y_ilum": 1, "radiometricExponent": 0.25, "x_fiber": 0.018190628128788043, "effective_ilum_radius": 0.9234510923763041, "y_fiber": -0.06378627590726278, "grating_lines": 29485.315811998356, "scattering_slope": 2.331770037866966, "scattering_amplitude": 0.0018486638098436355, "frd_sigma": 0.039443121726102336, "frd_lorentz_factor": 0.8506515230499756, "det_vert": 1.0243891633501097, "wide_0": 0.1430627407644312, "wide_23": 0.16895750392312944, "wide_43": 0.26369814349088366, "misalign": 0.7198553584143798, "slitHolder_frac_dx": 0.17409216092654492}